{
    "outputGroups": [
        {
            "name": "output1",
            "keywords": [
                "output1_keyword1",
                "output1_keyword2"
            ],
            "subdirs": {
                "class1": [
                    "class1_subkey1",
                    "class1_subkey2"
                ]
            }
        },
        {
            "name": "output2",
            "keywords": [
                "output2_keyword1",
                "output2_keyword2"
            ],
            "subdirs": {
                "subdirectory1": [
                    "subdirectory1_subkey1",
                    "subdirectory1_subkey2"
                ]
            }
        },
        {
            "name": "output3",
            "keywords": [
                "output3_keyword1",
                "output3_keyword2"
            ],
            "subdirs": {}
        }
    ],
    "inputDirString": "C:/Users/user/Desktop/<DirectoryToBeOrganized>"
}